Câu văn phản hồi thực tế,Nhãn gốc (True),Mô hình Tuần 3 đoán (SVC),Mô hình PhoBERT đoán,Nguyên nhân PhoBERT sửa lỗi thành công
tạm thời chưa có .,1,0,1,"Mô hình tuần 3 bị bẫy bởi từ phủ định (không, lười) hoặc từ phàn nàn. PhoBERT nhận diện được cấu trúc giảm nhẹ, tự nhận xét trung hòa."
nếu yêu cầu bài tập thì có thể nộp giấy riêng cho cô .,1,0,1,"Mô hình tuần 3 bị bẫy bởi từ phủ định (không, lười) hoặc từ phàn nàn. PhoBERT nhận diện được cấu trúc giảm nhẹ, tự nhận xét trung hòa."
trao đổi nhóm .,1,0,1,"Mô hình tuần 3 bị bẫy bởi từ phủ định (không, lười) hoặc từ phàn nàn. PhoBERT nhận diện được cấu trúc giảm nhẹ, tự nhận xét trung hòa."
giáo trình mới .,1,0,1,"Mô hình tuần 3 bị bẫy bởi từ phủ định (không, lười) hoặc từ phàn nàn. PhoBERT nhận diện được cấu trúc giảm nhẹ, tự nhận xét trung hòa."
cách truyền đạt .,1,0,1,"Mô hình tuần 3 bị bẫy bởi từ phủ định (không, lười) hoặc từ phàn nàn. PhoBERT nhận diện được cấu trúc giảm nhẹ, tự nhận xét trung hòa."
không ạ .,1,0,1,"Mô hình tuần 3 bị bẫy bởi từ phủ định (không, lười) hoặc từ phàn nàn. PhoBERT nhận diện được cấu trúc giảm nhẹ, tự nhận xét trung hòa."
thầy dạy lý thuyết tạm ổn .,1,0,1,"Mô hình tuần 3 bị bẫy bởi từ phủ định (không, lười) hoặc từ phàn nàn. PhoBERT nhận diện được cấu trúc giảm nhẹ, tự nhận xét trung hòa."
dạy tương đối đầy đủ chương trình .,1,0,1,"Mô hình tuần 3 bị bẫy bởi từ phủ định (không, lười) hoặc từ phàn nàn. PhoBERT nhận diện được cấu trúc giảm nhẹ, tự nhận xét trung hòa."
thực hành trên lớp .,1,0,1,"Mô hình tuần 3 bị bẫy bởi từ phủ định (không, lười) hoặc từ phàn nàn. PhoBERT nhận diện được cấu trúc giảm nhẹ, tự nhận xét trung hòa."
cách giảng dạy .,1,0,1,"Mô hình tuần 3 bị bẫy bởi từ phủ định (không, lười) hoặc từ phàn nàn. PhoBERT nhận diện được cấu trúc giảm nhẹ, tự nhận xét trung hòa."
làm được nhiều bài tập .,1,2,1,"Mô hình TF-IDF tuần 3 bị bẫy bởi từ khóa sắc thái mạnh (phù hợp, chi tiết). PhoBERT nhờ Self-Attention hiểu ngữ cảnh trần thuật khách quan."
với lại đặc thù sinh viên trường em nó khác cô ạ .,1,0,1,"Mô hình tuần 3 bị bẫy bởi từ phủ định (không, lười) hoặc từ phàn nàn. PhoBERT nhận diện được cấu trúc giảm nhẹ, tự nhận xét trung hòa."
thầy dạy ổn ạ .,1,0,1,"Mô hình tuần 3 bị bẫy bởi từ phủ định (không, lười) hoặc từ phàn nàn. PhoBERT nhận diện được cấu trúc giảm nhẹ, tự nhận xét trung hòa."
quá nhiều kiến thức cần nắm nhưng thời gian có hạn .,1,2,1,"Mô hình TF-IDF tuần 3 bị bẫy bởi từ khóa sắc thái mạnh (phù hợp, chi tiết). PhoBERT nhờ Self-Attention hiểu ngữ cảnh trần thuật khách quan."
thầy dạy khá ổn .,1,0,1,"Mô hình tuần 3 bị bẫy bởi từ phủ định (không, lười) hoặc từ phàn nàn. PhoBERT nhận diện được cấu trúc giảm nhẹ, tự nhận xét trung hòa."
