comment,label,predicted
cách mà cô tiếp cận với sinh viên .,1,2
môn học này giúp chúng em hiểu ra những vấn đề cơ bản .,1,2
như vậy tụi em sẽ định hướng tốt hơn và tập trung vào những thứ cần thiết .,1,0
"ví dụ phù hợp với nội dung kiến thức , hướng dẫn chi tiết .",1,2
tâm lý .,1,2
thời gian học .,1,0
kỹ những chương cuối .,1,2
cả cuộc sống sau này lẫn trong môn học .,1,2
đã có làm đơn với phòng đào tạo .,1,0
có kết hợp với bài tập ví dụ .,1,2
bài tập đầy đủ .,1,2
có cung cấp tài liệu cho sinh viên .,1,2
ngoài ra còn nhiều kiến thức ngoài .,1,2
cách tính điểm cộng của giáo viên có điểm quá trình .,1,0
em nghĩ như vậy sẽ tốt hơn vì họ sẽ biết được khả năng của sinh viên trong lớp tới đâu để cho bài thực hành được phù hợp với trình độ của sinh viên .,1,0
dạy học theo chương trình .,1,0
phương pháp dạy học .,1,0
tính thực tiễn của môn học .,1,2
đảm bảo cho sinh viên không ngủ gật .,1,0
chúng em đã nghỉ khoảng 4 tuần như thế .,1,0
có thời gian để ngủ trên lớp .,1,0
phương pháp nộp bài của thầy là debug code quay video lấy điểm .,1,2
đây là những ví dụ nhập môn mà các em học sinh lớp 8 - 9 khi bắt đầu được học về quy hoạch động để đi thi học sinh giỏi .,1,2
"không có , chỉ là do em lười học nên không tiếp thu được .",1,0
khi được đề cập thì thầy cho đó là mục tiêu cho các bạn tự tìm hiểu nhằm phát huy tốt nhất tư duy .,1,0
"phòng máy cũ , nhưng nhìn chung thì không có ảnh hưởng gì vì thầy dạy rất nhiệt tình .",1,0
nói dễ nghe .,1,2
cầu kỳ .,1,0
do khi ra trường các công ty chủ yếu đánh mạnh phần thực hành và vận dụng .,1,0
giáo viên truyền đạt kinh nghiệm thực tế nhiều .,1,2
được đăng trên website môn học .,1,2
sự tận tình .,1,2
không làm bài thuyết trình nhưng vẫn được nộp báo cáo .,1,0
thầy dạy đủ nội dung bài học .,1,2
có thể nhiều bạn thích nhưng bản thân mình thấy thầy nói một vấn đề hơi dài dòng .,1,0
lên lớp đều .,1,2
"đối với cô wzjwz32 , cô rất tận tình , giải đáp thắc mắc và hướng đến sinh viên cùng trao đổi đối với y , hoàn toàn tách biệt với sinh viên , không có hướng trao đổi mà là hướng tra khảo kiến thức sinh viên .",1,2
tạm thời chưa có .,1,0
nếu yêu cầu bài tập thì có thể nộp giấy riêng cho cô .,1,0
giáo trình mới .,1,0
dạy tương đối đầy đủ chương trình .,1,2
với lại đặc thù sinh viên trường em nó khác cô ạ .,1,0
quá nhiều kiến thức cần nắm nhưng thời gian có hạn .,1,0
thầy dạy khá ổn .,1,2
thêm nhiều bài tập hay .,1,2
"thầy dạy có tâm , nhiệt tình nhưng mà nói hơi nhanh chút xíu .",1,0
giờ là 2014 rồi !,1,0
giáo viên tạo nhiều cơ hội cho sinh viên được luyện nói tiếng anh trên lớp .,1,2
giữ nguyên hình thức cũ !,1,0
có nhiều thời gian hơn để gặp giáo viên và thực hành trên lớp .,1,0
nói chung là không có vấn đề tiêu cực với phương pháp của cô .,1,0
vì thời gian trong lớp tập trung hơn .,1,0
lớp có 2 giảng viên hướng dẫn là cô wzjwz90 và thầy wzjwz91 .,1,2
vì thầy không đến lớp giảng dạy bữa nào cả nên em không biết nhận xét .,1,0
"em được biết đây là kỳ dạy cuối cùng của thầy nên em chúc thầy sức khỏe dồi dào , gia đình hạnh phúc .",1,2
cho sinh viên những bài tập cơ bản để tìm hiểu về bài giảng lý thuyết .,1,2
"bài tập thầy cho cũng đòi hỏi phải đến lớp , nghe giảng và phải hiểu thật sự mới làm được .",1,0
chỉ cần khoảng 60% gần tương ứng với nội dung thi là đủ .,1,0
chỉ cần cho bài tập rồi làm nộp .,1,0
bài tập và hướng dẫn giải bài tập trên lớp .,1,2
đó là điều mà em ngưỡng mộ nhất .,1,2
góp ý cho thầy .,1,2
thầy dạy rất vui nhưng đôi khi còn rất khó tính .,1,0
kiến thức chuyên môn và nội dung dạy .,1,2
cho bài tập từ dễ tới khó .,1,0
tuy nhiên thầy ít đùa .,1,0
lắng nghe cách giải quyết vấn đề của sinh viên .,1,2
chú thích những phần cần phải tập trung .,1,0
cô cho làm đồ án nhóm với lại cho bài tập theo từng tuần nên sinh viên có thời gian sắp xếp để làm bài .,1,0
tập trung thực hành kiến thức trọng tâm của giờ ký thuyết .,1,2
cơ sở vật chất .,1,0
nhiều ví dụ .,1,2
"thầy giảng nhiệt tình , sát trọng tâm , dễ hiểu , mong thầy kỳ sau sẽ dạy môn xác xuất thống kê .",1,2
chi tiết .,1,2
phần ý kiến của em trong phần khảo sát thầy wzjwz7 em nói có liên quan đến thầy luôn .,1,2
mỗi dạng bài thì thầy ghi ra 3 câu bài tập là ổn rồi .,1,0
"một số chỗ khó hiểu , nhưng nếu chăm chỉ tự học thì sẽ khắc phục được .",1,0
chăm chú bài tập .,1,2
giảng dạy thực tế .,1,2
thay vì đưa bài ra rồi bảo các bạn nộp kết quả .,1,0
nghỉ sinh em bé vui vẻ nha cô .,1,2
cứ theo tiến độ của chương trình môn học .,1,0
dạy kỹ các phần quan trọng .,1,2
có lúc em còn cảm thấy có lỗi vì công sức của cô trên lớp như vậy mà mình lại làm biếng học bài .,1,0
em chưa nhớ thầy là ai nữa .,1,0
dựa vào một game cơ bản để sinh viên hiểu rõ hơn .,1,0
đó là một động lực rất lớn để tụi em hoàn thành hết tất cả bài tập của thầy .,1,2
"dạ , cho em hỏi là trường mình là tạo sao không dùng ngôn ngữ c thay cho assembly .",1,0
môn học này chất lượng bình thường .,1,0
"ngoài thời gian cố định như trong thời khóa biểu của nhà trường , em đều cố gắng sắp xếp đi đủ .",1,2
đi học rất ít nên rất mất công người đi dậy .,1,0
có một ít áp lực .,1,0
phân bố thời gian khoảng 3 tiết .,1,0
"em có học ở một trung tâm tiếng anh ở ngoài trường , thời lượng hợp lý , không nhiều không ít khoảng 2 - 3 tiết một buổi !",1,0
